{"cameraMode":{"drawMode":0,"name":"Shaded","section":"Shading Mode"},"sceneLighting":true,"audioPlay":false,"sceneViewState":{"showFog":true,"showMaterialUpdate":false,"showSkybox":true,"showFlares":true,"showImageEffects":true,"showParticleSystems":true},"in2DMode":false,"pivot":{"x":0.5075511932373047,"y":-0.5862884521484375,"z":-20.227806091308595},"rotation":{"x":-0.051704857498407367,"y":-0.9448462724685669,"z":0.26639267802238467,"w":-0.18338710069656373},"size":33.01638412475586,"orthographic":false}